{
  "IcoMoonType": "selection",
  "icons": [
    {
      "icon": {
        "paths": [
          "M1024 608l-192-192v-288h-128v160l-192-192-512 512v32h128v320h320v-192h128v192h320v-320h128z"
        ],
        "tags": [
          "home",
          "house"
        ],
        "defaultCode": 59650,
        "grid": 16,
        "attrs": []
      },
      "attrs": [],
      "properties": {
        "ligatures": "home3, house3",
        "name": "home",
        "order": 4,
        "id": 3,
        "prevSize": 32
      },
      "setIdx": 0,
      "setId": 1,
      "iconIdx": 2
    },
    {
      "icon": {
        "paths": [
          "M384 928c0 53.019-42.981 96-96 96s-96-42.981-96-96c0-53.019 42.981-96 96-96s96 42.981 96 96z",
          "M1024 928c0 53.019-42.981 96-96 96s-96-42.981-96-96c0-53.019 42.981-96 96-96s96 42.981 96 96z",
          "M1024 512v-384h-768c0-35.346-28.654-64-64-64h-192v64h128l48.074 412.054c-29.294 23.458-48.074 59.5-48.074 99.946 0 70.696 57.308 128 128 128h768v-64h-768c-35.346 0-64-28.654-64-64 0-0.218 0.014-0.436 0.016-0.656l831.984-127.344z"
        ],
        "tags": [
          "cart",
          "purchase",
          "ecommerce",
          "shopping"
        ],
        "defaultCode": 59706,
        "grid": 16,
        "attrs": []
      },
      "attrs": [],
      "properties": {
        "ligatures": "cart, purchase",
        "name": "products",
        "order": 5,
        "id": 59,
        "prevSize": 32
      },
      "setIdx": 0,
      "setId": 1,
      "iconIdx": 58
    },
    {
      "icon": {
        "paths": [
          "M704 640c-64 64-64 128-128 128s-128-64-192-128-128-128-128-192 64-64 128-128-128-256-192-256-192 192-192 192c0 128 131.5 387.5 256 512s384 256 512 256c0 0 192-128 192-192s-192-256-256-192z"
        ],
        "tags": [
          "phone",
          "telephone",
          "contact",
          "support",
          "call"
        ],
        "defaultCode": 59714,
        "grid": 16,
        "attrs": []
      },
      "attrs": [],
      "properties": {
        "ligatures": "phone, telephone",
        "name": "phone",
        "order": 3,
        "id": 67,
        "prevSize": 32
      },
      "setIdx": 0,
      "setId": 1,
      "iconIdx": 66
    },
    {
      "icon": {
        "width": 1152,
        "paths": [
          "M768 770.612v-52.78c70.498-39.728 128-138.772 128-237.832 0-159.058 0-288-192-288s-192 128.942-192 288c0 99.060 57.502 198.104 128 237.832v52.78c-217.102 17.748-384 124.42-384 253.388h896c0-128.968-166.898-235.64-384-253.388z",
          "M327.196 795.328c55.31-36.15 124.080-63.636 199.788-80.414-15.054-17.784-28.708-37.622-40.492-59.020-30.414-55.234-46.492-116.058-46.492-175.894 0-86.042 0-167.31 30.6-233.762 29.706-64.504 83.128-104.496 159.222-119.488-16.914-76.48-61.94-126.75-181.822-126.75-192 0-192 128.942-192 288 0 99.060 57.502 198.104 128 237.832v52.78c-217.102 17.748-384 124.42-384 253.388h279.006c14.518-12.91 30.596-25.172 48.19-36.672z"
        ],
        "tags": [
          "users",
          "group",
          "team",
          "members",
          "community",
          "collaborate"
        ],
        "defaultCode": 59762,
        "grid": 16,
        "attrs": []
      },
      "attrs": [],
      "properties": {
        "ligatures": "users, group",
        "name": "users",
        "order": 6,
        "id": 115,
        "prevSize": 32
      },
      "setIdx": 0,
      "setId": 1,
      "iconIdx": 114
    },
    {
      "icon": {
        "paths": [
          "M320 192c0-106.039 85.961-192 192-192s192 85.961 192 192c0 106.039-85.961 192-192 192s-192-85.961-192-192zM768.078 448h-35.424l-199.104 404.244 74.45-372.244-96-96-96 96 74.45 372.244-199.102-404.244h-35.424c-127.924 0-127.924 85.986-127.924 192v320h768v-320c0-106.014 0-192-127.922-192z"
        ],
        "tags": [
          "user-tie",
          "user",
          "user-employee",
          "profile",
          "avatar",
          "person",
          "member",
          "job",
          "official"
        ],
        "defaultCode": 59766,
        "grid": 16,
        "attrs": []
      },
      "attrs": [],
      "properties": {
        "ligatures": "user-tie, user5",
        "name": "provider",
        "order": 7,
        "id": 119,
        "prevSize": 32
      },
      "setIdx": 0,
      "setId": 1,
      "iconIdx": 118
    }
  ],
  "height": 1024,
  "preferences": {
    "showGlyphs": true,
    "showQuickUse": true,
    "showQuickUse2": true,
    "showSVGs": true,
    "fontPref": {
      "prefix": "icon-",
      "metadata": {
        "fontFamily": "icomoon"
      },
      "metrics": {
        "emSize": 1024,
        "baseline": 6.25,
        "whitespace": 50
      },
      "embed": false
    },
    "imagePref": {
      "prefix": "icon-",
      "png": true,
      "useClassSelector": true,
      "color": 0,
      "bgColor": 16777215,
      "classSelector": ".icon",
      "name": "icomoon"
    },
    "historySize": 50,
    "showCodes": true,
    "gridSize": 16
  }
}